1c6|1bd|a3|194|202|377|189|1f9|34e|ae|39c|212|33f|b8|38b|17c|2b8|1ae|325|365|259|2f6|3aa|1ce|383|3ba|38e|2ca|3c8|1da|1d7|7c|1b4|162|376|82|244|22|31b|db|27a
292|207|31c|3e2|70|3c7|227|1ed|39e|13d|1d0|29c|1c3|1a4|a4|373|258|14|26d|16d|288|2c8|ca|21|181|1d|252|1e2|3ff|32b|26|97|3ce|26d|e8|16d|1c3|c1|210|15e|13
253|3ea|2a|152|385|30e|325|2e2|10|1e1|1f8|1f8|284|1c2|356|2c1|3dd|3b7|16e|29b|308|267|392|1b6|268|35c|2bc|3c0|2f4|4d|2d4|395|208|15|2fe|319|a1|108|35a|18a|152
66|3e4|92|292|1ac|31c|171|140|2b0|176|398|1b5|73|336|5e|185|177|133|150|204|36c|be|2bb|32a|1b2|2ec|144|117|244|5d|2d5|2ef|161|27d|2a2|36f|190|37e|112|13c|1c2
2cb|323|15c|170|32c|3ae|29|9a|3b8|297|1c4|6a|98|36e|3b7|91|2ad|174|27f|15a|1d|1a|2ce|1bf|3f9|2d4|22a|192|3b5|3a3|59|263|128|20d|bb|20a|3f4|228|5a|3b7|38e
af|da|d0|1bb|e2|28a|108|1fe|360|3b|3e6|1b5|122|187|284|3d7|2c7|1aa|19c|14b|5d|303|1d6|244|157|237|2f9|239|273|28e|2ae|12a|b7|3d5|47|327|396|3f4|347|2bd|55
34b|3c5|236|3bb|17d|2b5|310|44|a9|2ea|3b7|299|132|29a|1e6|19|2c7|90|38c|ff|344|105|26e|ae|329|34b|da|399|383|2aa|396|181|19d|dd|9a|19b|272|56|25f|2e3|33
34a|e2|350|31f|26f|291|1ae|98|221|27b|370|2e5|255|36d|13a|3cb|392|213|2f5|1ff|3ab|148|18e|182|37b|ec|1af|22d|9c|1da|29|291|3f8|39f|22a|372|2d|324|e2|2e8|26f
378|396|34a|259|2b3|360|42|37c|172|177|39e|338|13b|3df|190|286|171|46|13e|2fd|15e|2f2|290|3aa|233|210|150|3ee|2ab|8b|b6|25c|1a8|3d5|114|227|3f2|1f4|3fa|2e4|331
191|b9|24|33f|250|1f1|368|2ab|e0|289|ab|364|f3|51|3b6|344|134|149|94|1ce|16b|3b7|253|1cf|144|213|371|3ad|346|3bf|230|35|51|340|27e|33c|3b3|d6|18d|391|3b9
326|30b|339|47|1db|3dd|2eb|280|d5|ca|185|148|19|18f|f8|1ae|4f|114|94|a5|7f|3f6|1e7|1b8|14c|23|12d|1e7|360|95|29e|7f|3ce|75|214|cf|55|21e|35c|12f|1d1
32e|2f6|d4|2a7|1f3|131|363|cf|274|14|3fb|ba|15d|de|3da|6a|3f6|be|21|1d1|386|215|251|2f9|37b|1e5|200|195|87|1bf|1d2|1f|258|1b6|2ec|2ca|72|3cf|18d|31|a0
2cb|365|dc|87|ff|ec|2ff|1ec|13d|2e|e8|ac|390|95|65|3b3|13d|24d|dc|375|c8|3ce|33a|20d|8e|167|24|394|128|381|18d|3ac|e0|d|2ac|3a9|1e0|28b|3b7|2ac|2d4
3c8|383|370|2a3|37e|151|3e0|18a|3c1|60|1c7|399|2fb|91|393|2a9|3e4|231|bc|31a|16b|1f1|331|306|1d2|12e|1e4|320|3c3|1c2|323|250|dd|d5|256|2de|6a|1be|23|2e2|74
2e0|356|1f1|2ed|354|3f|30|228|24a|1c8|48|c5|a7|115|1a5|158|1be|374|398|126|1cc|51|2a4|3dd|329|39f|3ed|2a0|1c5|354|1ab|2f9|1c0|3e8|29a|355|341|81|ad|3b7|23
14|3ee|17d|14d|3e9|14|1a1|2a|9f|2ce|3f9|2a8|f8|9d|343|19a|26d|315|39b|2f1|1a4|348|2f7|27d|290|1c9|2a0|158|133|106|355|16d|47|100|14a|e8|15d|2e7|b9|247|2ba
ec|2e0|311|2d3|31b|d2|171|255|377|3de|1cd|23|365|16d|3f3|3e4|34b|34e|3a7|fa|393|1a4|327|104|26f|26b|12a|12|339|c7|31d|2a6|33d|e3|2c1|80|284|38f|362|b|352
69|288|168|330|90|21e|22|1a9|2a2|384|25e|15e|285|dc|35c|3d4|e7|145|2e0|3c9|3ee|186|cd|ee|75|3c4|29a|113|ce|5e|15|36c|36f|287|283|22e|3e4|10c|87|273|24c
24a|a|65|164|45|dd|206|199|6a|171|3b5|39d|166|1ca|2bd|14b|15c|10f|3d9|284|284|37b|173|2fe|3ec|b8|8c|13d|79|128|79|3ab|10e|af|1d2|3fa|2d4|4e|112|2af|35a
340|249|2c7|108|2c0|21|338|232|2bf|1be|1ca|181|54|356|245|286|1af|188|3d8|148|306|150|2dc|3a8|126|f5|21c|2a|3d4|10c|e6|32|299|59|18b|3ec|1c4|265|2d5|3e8|297
f8|2c8|318|14f|31f|15b|29a|2f7|10d|e6|182|2d4|110|25c|220|2eb|72|392|327|1e6|69|2e4|124|142|23f|28f|277|45|3fe|cb|d5|22d|393|387|11a|118|3a2|c1|2e8|12b|164
ef|1a7|4e|3c1|38e|3ed|330|179|15|2ae|2f1|53|a1|190|ec|2ca|283|d4|3e3|1c|113|1e2|88|203|282|2b2|372|3ce|102|39d|7b|1cf|123|a3|112|1c6|309|19b|84|2d4|1ea
234|150|29a|ff|138|2c1|1a0|38b|28|d4|31|28e|d3|251|339|380|3d|1e|1b1|399|365|15a|307|12c|11a|14c|254|267|385|13f|f6|35a|3f|262|2b0|315|299|37d|315|e1|345
1C6|1BD|A3|194|202|377|189|1F9|34E|AE|39C|212|33F|B8|38B|17C|2B8|1AE|325|365|259|2F6|3AA|1CE|383|3BA|38E|2CA|3C8|1DA|1D7|7C|1B4|162|376|82|244|22|31B|DB|27A
292|207|31C|3E2|70|3C7|227|1ED|39E|13D|1D0|29C|1C3|1A4|A4|373|258|14|26D|16D|288|2C8|CA|21|181|1D|252|1E2|3FF|32B|26|97|3CE|26D|E8|16D|1C3|C1|210|15E|13
253|3EA|2A|152|385|30E|325|2E2|10|1E1|1F8|1F8|284|1C2|356|2C1|3DD|3B7|16E|29B|308|267|392|1B6|268|35C|2BC|3C0|2F4|4D|2D4|395|208|15|2FE|319|A1|108|35A|18A|152
66|3E4|92|292|1AC|31C|171|140|2B0|176|398|1B5|73|336|5E|185|177|133|150|204|36C|BE|2BB|32A|1B2|2EC|144|117|244|5D|2D5|2EF|161|27D|2A2|36F|190|37E|112|13C|1C2
2CB|323|15C|170|32C|3AE|29|9A|3B8|297|1C4|6A|98|36E|3B7|91|2AD|174|27F|15A|1D|1A|2CE|1BF|3F9|2D4|22A|192|3B5|3A3|59|263|128|20D|BB|20A|3F4|228|5A|3B7|38E
AF|DA|D0|1BB|E2|28A|108|1FE|360|3B|3E6|1B5|122|187|284|3D7|2C7|1AA|19C|14B|5D|303|1D6|244|157|237|2F9|239|273|28E|2AE|12A|B7|3D5|47|327|396|3F4|347|2BD|55
34B|3C5|236|3BB|17D|2B5|310|44|A9|2EA|3B7|299|132|29A|1E6|19|2C7|90|38C|FF|344|105|26E|AE|329|34B|DA|399|383|2AA|396|181|19D|DD|9A|19B|272|56|25F|2E3|33
34A|E2|350|31F|26F|291|1AE|98|221|27B|370|2E5|255|36D|13A|3CB|392|213|2F5|1FF|3AB|148|18E|182|37B|EC|1AF|22D|9C|1DA|29|291|3F8|39F|22A|372|2D|324|E2|2E8|26F
378|396|34A|259|2B3|360|42|37C|172|177|39E|338|13B|3DF|190|286|171|46|13E|2FD|15E|2F2|290|3AA|233|210|150|3EE|2AB|8B|B6|25C|1A8|3D5|114|227|3F2|1F4|3FA|2E4|331
191|B9|24|33F|250|1F1|368|2AB|E0|289|AB|364|F3|51|3B6|344|134|149|94|1CE|16B|3B7|253|1CF|144|213|371|3AD|346|3BF|230|35|51|340|27E|33C|3B3|D6|18D|391|3B9
326|30B|339|47|1DB|3DD|2EB|280|D5|CA|185|148|19|18F|F8|1AE|4F|114|94|A5|7F|3F6|1E7|1B8|14C|23|12D|1E7|360|95|29E|7F|3CE|75|214|CF|55|21E|35C|12F|1D1
32E|2F6|D4|2A7|1F3|131|363|CF|274|14|3FB|BA|15D|DE|3DA|6A|3F6|BE|21|1D1|386|215|251|2F9|37B|1E5|200|195|87|1BF|1D2|1F|258|1B6|2EC|2CA|72|3CF|18D|31|A0
2CB|365|DC|87|FF|EC|2FF|1EC|13D|2E|E8|AC|390|95|65|3B3|13D|24D|DC|375|C8|3CE|33A|20D|8E|167|24|394|128|381|18D|3AC|E0|D|2AC|3A9|1E0|28B|3B7|2AC|2D4
3C8|383|370|2A3|37E|151|3E0|18A|3C1|60|1C7|399|2FB|91|393|2A9|3E4|231|BC|31A|16B|1F1|331|306|1D2|12E|1E4|320|3C3|1C2|323|250|DD|D5|256|2DE|6A|1BE|23|2E2|74
2E0|356|1F1|2ED|354|3F|30|228|24A|1C8|48|C5|A7|115|1A5|158|1BE|374|398|126|1CC|51|2A4|3DD|329|39F|3ED|2A0|1C5|354|1AB|2F9|1C0|3E8|29A|355|341|81|AD|3B7|23
14|3EE|17D|14D|3E9|14|1A1|2A|9F|2CE|3F9|2A8|F8|9D|343|19A|26D|315|39B|2F1|1A4|348|2F7|27D|290|1C9|2A0|158|133|106|355|16D|47|100|14A|E8|15D|2E7|B9|247|2BA
EC|2E0|311|2D3|31B|D2|171|255|377|3DE|1CD|23|365|16D|3F3|3E4|34B|34E|3A7|FA|393|1A4|327|104|26F|26B|12A|12|339|C7|31D|2A6|33D|E3|2C1|80|284|38F|362|B|352
69|288|168|330|90|21E|22|1A9|2A2|384|25E|15E|285|DC|35C|3D4|E7|145|2E0|3C9|3EE|186|CD|EE|75|3C4|29A|113|CE|5E|15|36C|36F|287|283|22E|3E4|10C|87|273|24C
24A|A|65|164|45|DD|206|199|6A|171|3B5|39D|166|1CA|2BD|14B|15C|10F|3D9|284|284|37B|173|2FE|3EC|B8|8C|13D|79|128|79|3AB|10E|AF|1D2|3FA|2D4|4E|112|2AF|35A
340|249|2C7|108|2C0|21|338|232|2BF|1BE|1CA|181|54|356|245|286|1AF|188|3D8|148|306|150|2DC|3A8|126|F5|21C|2A|3D4|10C|E6|32|299|59|18B|3EC|1C4|265|2D5|3E8|297
F8|2C8|318|14F|31F|15B|29A|2F7|10D|E6|182|2D4|110|25C|220|2EB|72|392|327|1E6|69|2E4|124|142|23F|28F|277|45|3FE|CB|D5|22D|393|387|11A|118|3A2|C1|2E8|12B|164
EF|1A7|4E|3C1|38E|3ED|330|179|15|2AE|2F1|53|A1|190|EC|2CA|283|D4|3E3|1C|113|1E2|88|203|282|2B2|372|3CE|102|39D|7B|1CF|123|A3|112|1C6|309|19B|84|2D4|1EA
234|150|29A|FF|138|2C1|1A0|38B|28|D4|31|28E|D3|251|339|380|3D|1E|1B1|399|365|15A|307|12C|11A|14C|254|267|385|13F|F6|35A|3F|262|2B0|315|299|37D|315|E1|345
